<?xml version="1.0"?>

<!-- SIMULATOR - TMS700C4X - ARP32 Binary Encoded Target Support -->
<!-- PROCESSOR ID: 0xaf001011 # This proc-id (700,0x04,2,1)-->

<!-- File name is based upon the PROCID assigned to the ISA -->
<!-- Root node for all TPI data.  id is just the PROCID in hex -->

<tpi_info id="tpi">
    <!-- machine_info node decribes the ISA details like bus widths and data sizes -->
    <!-- id = Unique name for ISA -->
    <!-- target_name = Unique string name for ISA -->

    <!-- *** These next 21 entries are used to fill out the Value Bits array passed from TPI to the debug tool *** -->
    <!-- size_char = Size in bits of a 'C' char.  Value Bits index = 0 -->
    <!-- size_short = Size in bits of a 'C' short.  Value Bits index = 1  -->
    <!-- size_enum = Size in bits of a 'C' enum.  Value Bits index = 2  -->
    <!-- size_int = Size in bits of a 'C' int.  Value Bits index = 3  -->
    <!-- size_long = Size in bits of a 'C' long.  Value Bits index = 4  -->
    <!-- size_void_ptr = Size in bits of a 'C' void pointer.  Value Bits index = 5  -->
    <!-- size_dataNN = Size in bits of a data units NN is just the width.  Must have entries for 8/16/24/32/40/48/64.  Value Bits indexes = 6 to 12  -->
    <!-- size_far_ptr = Size in bits of a far pointer.  Value Bits index = 13  -->
    <!-- size_near_ptr = Size in bits of a near pointer.  Value Bits index = 14  -->
    <!-- size_long_long = Size in bits of a longlong.  Value Bits index = 15   -->
    <!-- size_float = Size in bits of a float.  Value Bits index = 16   -->
    <!-- size_ieee_float = Size in bits of a IEEE float.  Value Bits index = 17   -->
    <!-- size_double = Size in bits of a double.  Value Bits index = 18   -->
    <!-- size_ieee_double = Size in bits of a IEEE double.  Value Bits index = 19   -->
    <!-- size_long_double = Size in bits of a long double.  Value Bits index = 20  -->

    <!-- *** These next 7 entries are used to fill out the Register Bus Bits array passed from TPI to the debug tool *** -->
    <!-- *** I don't think the address fiedls are used by the debugger, but this aligns with parameteres for the data pages *** -->
    <!-- reg_addr_unit = Size in bits the addressable unit used for register access.  Reg Bus Bits index = 0  -->
    <!-- reg_short_word = Size in bits of a register value cast as a 'C' short.  Reg Bus Bits index = 1  -->
    <!-- reg_word = Size in bits of a register value cast as a 'C' int.  Reg Bus Bits index = 2  -->
    <!-- reg_long_word = Size in bits of a register value cast as a 'C' long.  Reg Bus Bits index = 3  -->
    <!-- reg_rdc_addr = Size in bits the address used to access register in reduced address mode.  Reg Bus Bits index = 4  -->
    <!-- reg_addr = Size in bits the address used for register access.  Reg Bus Bits index = 5  -->
    <!-- reg_ext_addr = Size in bits the address for register access in extneded address mode.  Reg Bus Bits index = 6  -->
    <machine_info id="machine" target_name="ARP32" size_char="8" size_short="16" size_enum="32" size_int="32" size_long="32" size_void_ptr="32" size_data8="8" size_data16="16" size_data24="24" size_data32="32" size_data40="40" size_data48="48" size_data64="64" size_far_ptr="32" size_near_ptr="16" size_long_long="32" size_float="32" size_ieee="32" size_double="32" size_ieee_double="64" size_long_double="32" reg_addr_unit="32" reg_short_word="32" reg_word="32" reg_long_word="32" reg_rdc_addr="32" reg_addr="32" reg_ext_addr="32">
		<!--- List of all magic numbers supported by this ISA -->
        <magics id="magic_numbers">
			<!-- id = indxex of the entry in the list -->
			<!-- magic_num = the number in hex -->
            <magic id="0" magic_num="00a2" />
            <magic id="1" magic_num="0143" />
        </magics>
        <!-- List of all page descriptors for this ISA -->
        <pages id="mem_pages">
			<!-- id = indxex of the entry in the list -->
			<!-- page_name = the text name of the page -->
			<!-- page_endian = the edianess of the page BIG and LITTLE supported -->
			<!-- page_addr_unit = Size in bits the addressable unit used for this page.  Bus Bits index = [page][0]  -->
			<!-- page_short_word = Size in bits of a memory value cast as a 'C' short.  Bus Bits index = [page][1]  -->
			<!-- page_word = Size in bits of a memory value cast as a 'C' int.  Bus Bits index = [page][2]  -->
			<!-- page_long_word = Size in bits of a memory value cast as a 'C' long.  Bus Bits index = [page][3]  -->
			<!-- page_rdc_addr = Size in bits the address used to access memory in reduced address mode.  Bus Bits index = [page][4]  -->
			<!-- page_addr = Size in bits the address used for memory access.  Bus Bits index = [page][5]  -->
			<!-- page_ext_addr = Size in bits the address for memory access in extneded address mode.  Bus Bits index = [page][6]  -->
            <page id="0" page_name="Program" page_endian="LITTLE" page_addr_unit="8" page_short_word="16" page_word="32" page_long_word="32" page_rdc_addr="32" page_addr="32" page_ext_addr="32" />
            <page id="1" page_name="Data" page_endian="LITTLE" page_addr_unit="8" page_short_word="16" page_word="32" page_long_word="32" page_rdc_addr="32" page_addr="32" page_ext_addr="32" />
        </pages>
        <!-- List of delay slots, if applicable.  This information is required for assembly single stepping -->
        <delay_slots id="dslots">
			<!-- id = index of the entry in the list -->
			<!-- nins_nz_delayslots = Number of instructions with non zero delay slots supported by this ISA -->
			<!-- INS_TYPE_CALL = Number of delay slots in instruction type CALL, Example: ARP32 (CALL) = 1 delay slot  C6000(CALLP) = 5 delay slots -->
			<!-- INS_TYPE_BRANCH = Number of delay slots in instruction type BRANCH, Example: ARP32 (not applicable) C6000(B,BPOS,BDEC,BNOP) = 5 delay slots -->
                  <!-- First entry corresponds to number of delay slots in the INS_TYPE_CALL -->
                  <!-- Second entry corresponds to number of delay slots in the INS_TYPE_BRANCH, does not apply to this ISA and hence not present -->
                  <!-- On C6x, for example, the second entry would be as follows:  dslot id="1" dslot_type="5" -->
                  <!-- At present, these two types are the only ones required to cover all ISAs currently supported -->
            <dslot id="0" dslot_type="1" /> 
            <dslot id="1" dslot_type="0" /> 
        </delay_slots>

    <!-- Call conventions and DWARF -->
    <!-- Define register IDs for all general purpose registers here -->
        <callconvention_info id="callconvention" reg_pc="PC" reg_sp="SP" reg_ret="RET" reg_params="R0,R1,R2,R3" reg_args="R4,R5,R6,R7" stack_movement="down"> 
        </callconvention_info>

    <dwarf_regmap id = "regmaps"> 
        <regmap	id="0"   name="R0"        />
        <regmap	id="1"   name="R1"        />
        <regmap	id="2"   name="R2"        />
        <regmap	id="3"   name="R3"        />
        <regmap	id="4"   name="R4"        />
        <regmap	id="5"   name="R5"        />
        <regmap	id="6"   name="R6"        />
        <regmap	id="7"   name="R7"        />
        <regmap	id="8"   name="SP"        />
        <regmap	id="9"   name="GDP"       />
        <regmap	id="10"  name="PC"        />
        <regmap	id="11"  name="IRP"       />
        <regmap	id="12"  name="ISR"       />
        <regmap	id="13"  name="ICR"       />
        <regmap	id="14"  name="IER"       />
        <regmap	id="15"  name="IFR"       />
        <regmap	id="16"  name="NRP"       />
        <regmap	id="17"  name="LR"        />
        <regmap	id="18"  name="SCSR"      />
        <regmap	id="19"  name="CSR"       />
        <regmap	id="22"  name="CPUID"     />
        <regmap	id="23"  name="DPC"       />
        <regmap	id="24"  name="TSCH"      />
        <regmap	id="25"  name="TSCL"      />
        <regmap	id="26"  name="LSA0"      />
        <regmap	id="27"  name="LSA1"      />
        <regmap	id="28"  name="LEA0"      />
        <regmap	id="29"  name="LEA1"      />
        <regmap	id="30"  name="LCNT0"     />
        <regmap	id="31"  name="LCNT1"     />
        <regmap	id="32"  name="SR0"       />
        <regmap	id="33"  name="SR1"       />
        <regmap	id="34"  name="SR2"       />
        <regmap	id="35"  name="SR3"       />
        <regmap	id="36"  name="SR4"       />
        <regmap	id="37"  name="SR5"       />
        <regmap	id="38"  name="SR6"       />
        <regmap	id="39"  name="SR7"       />
        <regmap	id="40"  name="SLSA0"     />
        <regmap	id="41"  name="SLSA1"     />
        <regmap	id="42"  name="SLEA0"     />
        <regmap	id="43"  name="SLEA1"     />
        <regmap	id="44"  name="SLCNT0"    />
        <regmap	id="45"  name="SLCNT0RLD" />
        <regmap	id="46"  name="SLCNT1"    />
        <regmap	id="47"  name="V0"        />
        <regmap	id="48"  name="V1"        />
        <regmap	id="49"  name="V2"        />
        <regmap	id="50"  name="V3"        />
        <regmap	id="51"  name="V4"        />
        <regmap	id="52"  name="V5"        />
        <regmap	id="53"  name="V6"        />
        <regmap	id="54"  name="V7"        />
        <regmap	id="55"  name="V8"        />
        <regmap	id="56"  name="V9"        />
        <regmap	id="57"  name="V10"       />
        <regmap	id="58"  name="V11"       />
        <regmap	id="59"  name="V12"       />
        <regmap	id="60"  name="V13"       />
        <regmap	id="61"  name="V14"       />
        <regmap	id="62"  name="V15"       />
        <regmap	id="63"  name="A0"        />
        <regmap	id="64"  name="A1"        />
        <regmap	id="65"  name="A2"        />
        <regmap	id="66"  name="A3"        />
        <regmap	id="67"  name="A4"        />
        <regmap	id="68"  name="A5"        />
        <regmap	id="69"  name="A6"        />
        <regmap	id="70"  name="A7"        />
        <regmap	id="71"  name="I0"        />
        <regmap	id="72"  name="I1"        />
        <regmap	id="73"  name="I2"        />
        <regmap	id="74"  name="I3"        />
        <regmap	id="75"  name="I4"        />
        <regmap	id="115" name="CIE_RETA"  />
    </dwarf_regmap>

    </machine_info>
	
    <!-- TPI nteface info that descibes the main interfaces exported by TPI -->
    <interface_info id="interface">
		<!-- Node name defines the interface -->
		<!-- dll = the DLL that supports the interface -->
		<!-- generic = true/false.  True genreic support or custom interface -->
		<!-- db = location for XML to support a generic interface -->
		<!-- size_bis = Size of the base instruction in bits (used during disassembly).  Simple ISAs will have a fixed BIS -->
		<ctpidasm id="dasm" dll="disassemble_arp32" generic="false" db="" size_bis="32" page_endian="LITTLE" />
		<ctpistep id="step" dll="step_arp32" />

		<!-- Source: disasm_interface.h, Target integer properties -->
		<!-- ARP32 (T16) Variants: T16_ISA_NONE=0, T16_ISA_V1=1, T16_ISA_V2=2, T16_ISA_EVE=3, T16_ISA_IME5=4, T16_ISA_ICONT5=5 -->
		<!-- Configure appropriate inputs for ISA variants -->
            <!-- NOTE: Configure isa_type = 0, if INT_PROP_SINGLE_OPCODE.  This is rare -->
            <!-- In this case, the isa_type is INT_PROP_T16_ISA and the variant is T16_ISA_EVE -->
		<intprops id="iprops" isa_type="600" isa_variant="3" />

		<!-- Source: disasm_interface.h, Target boolean properties -->
		<!-- Boolean properties: BOOL_PROP_DISPLAY_BRANCH_ADDRESS, BOOL_PROP_NO_FP_HEADER, BOOL_PROP_SINGLE_MODE, BOOL_PROP_VENC_MODE -->
            <!-- Boolean properties: BOOL_PROP_ARM_IS_CORTEX_M3, BOOL_PROP_ARM_IS_THUMB_MODE, BOOL_PROP_ARM_IS_UAL_MODE, BOOL_PROP_LD3_HEX_NUMBERS-->
            <!-- Boolean properties: BOOL_PROP_LD3_R35_ENCODE, BOOL_PROP_LD3_ALGEBRAIC, BOOL_PROP_LD3_IS_VECTOR, BOOL_PROP_MSP_IS_MSPX-->
		<boolprops id="bprops" disp_baddr="true" no_fp_header="false" single_mode="false" venc_mode="false" cortexm3="false" thumb="false" ual="false" ld3_hex="false" ld3_r35="false" ld3_algebraic="false" ld3_is_vector="false" msp_is_mspx="false" />

		<ctpigen id="gen" dll="tpi" generic="true" db="proc_0xaf001011.xml" />
		<!-- This interface not required for CLA -->
		<ctpicallconv id="callconv" dll="tpi" generic="true" db="proc_0xaf001011.xml" /> -->
    </interface_info>
 </tpi_info>
