<?xml version="1.0" encoding="UTF-8"?>
<module id="LRFDTRC" HW_revision="" XML_version="1.0" description="" xmlns:xsi="http://www.w3.org/2001/XMLSchema-instance" xsi:noNamespaceSchemaLocation="setup_parser.xsd">
   <register acronym="CFG" width="32" description="Internal. Only to be used through TI provided API." id="CFG" offset="0x0">
      <bitfield range="" begin="31" width="23" end="9" rwaccess="RO" description="Internal. Only to be used through TI provided API." id="RESERVED9" resetval="0x0">
      </bitfield>
      <bitfield range="" begin="8" width="2" end="7" rwaccess="RW" description="Internal. Only to be used through TI provided API." id="PRESCAL" resetval="0x0">
         <bitenum id="DIV4" value="3" token="Internal. Only to be used through TI provided API." description="Internal. Only to be used through TI provided API."/>
         <bitenum id="DIV3" value="2" token="Internal. Only to be used through TI provided API." description="Internal. Only to be used through TI provided API."/>
         <bitenum id="DIV2" value="1" token="Internal. Only to be used through TI provided API." description="Internal. Only to be used through TI provided API."/>
         <bitenum id="DIV1" value="0" token="Internal. Only to be used through TI provided API." description="Internal. Only to be used through TI provided API."/>
      </bitfield>
      <bitfield range="" begin="6" width="1" end="6" rwaccess="WO" description="Internal. Only to be used through TI provided API." id="TSCLR" resetval="0x0">
         <bitenum id="ONE" value="1" token="Internal. Only to be used through TI provided API." description="Internal. Only to be used through TI provided API."/>
         <bitenum id="ZERO" value="0" token="Internal. Only to be used through TI provided API." description="Internal. Only to be used through TI provided API."/>
      </bitfield>
      <bitfield range="" begin="5" width="1" end="5" rwaccess="RW" description="Internal. Only to be used through TI provided API." id="TSEN" resetval="0x0">
         <bitenum id="ON" value="1" token="Internal. Only to be used through TI provided API." description="Internal. Only to be used through TI provided API."/>
         <bitenum id="OFF" value="0" token="Internal. Only to be used through TI provided API." description="Internal. Only to be used through TI provided API."/>
      </bitfield>
      <bitfield range="" begin="4" width="2" end="3" rwaccess="RW" description="Internal. Only to be used through TI provided API." id="CH3EN" resetval="0x0">
         <bitenum id="TOPSM" value="2" token="Internal. Only to be used through TI provided API." description="Internal. Only to be used through TI provided API."/>
         <bitenum id="NORM" value="1" token="Internal. Only to be used through TI provided API." description="Internal. Only to be used through TI provided API."/>
         <bitenum id="OFF" value="0" token="Internal. Only to be used through TI provided API." description="Internal. Only to be used through TI provided API."/>
      </bitfield>
      <bitfield range="" begin="2" width="2" end="1" rwaccess="RW" description="Internal. Only to be used through TI provided API." id="CH2EN" resetval="0x0">
         <bitenum id="TOPSM" value="2" token="Internal. Only to be used through TI provided API." description="Internal. Only to be used through TI provided API."/>
         <bitenum id="NORM" value="1" token="Internal. Only to be used through TI provided API." description="Internal. Only to be used through TI provided API."/>
         <bitenum id="OFF" value="0" token="Internal. Only to be used through TI provided API." description="Internal. Only to be used through TI provided API."/>
      </bitfield>
      <bitfield range="" begin="0" width="1" end="0" rwaccess="RW" description="Internal. Only to be used through TI provided API." id="CH1EN" resetval="0x0">
         <bitenum id="NORM" value="1" token="Internal. Only to be used through TI provided API." description="Internal. Only to be used through TI provided API."/>
         <bitenum id="OFF" value="0" token="Internal. Only to be used through TI provided API." description="Internal. Only to be used through TI provided API."/>
      </bitfield>
   </register>
   <register acronym="CH1CMD" width="32" description="Internal. Only to be used through TI provided API." id="CH1CMD" offset="0x4">
      <bitfield range="" begin="31" width="16" end="16" rwaccess="RO" description="Internal. Only to be used through TI provided API." id="RESERVED16" resetval="0x0">
      </bitfield>
      <bitfield range="" begin="15" width="8" end="8" rwaccess="RW" description="Internal. Only to be used through TI provided API." id="PKTHDR" resetval="0x0">
         <bitenum id="ALLONES" value="255" token="Internal. Only to be used through TI provided API." description="Internal. Only to be used through TI provided API."/>
         <bitenum id="ALLZEROS" value="0" token="Internal. Only to be used through TI provided API." description="Internal. Only to be used through TI provided API."/>
      </bitfield>
      <bitfield range="" begin="7" width="5" end="3" rwaccess="RO" description="Internal. Only to be used through TI provided API." id="RESERVED3" resetval="0x0">
      </bitfield>
      <bitfield range="" begin="2" width="3" end="0" rwaccess="RW" description="Internal. Only to be used through TI provided API." id="PARCNT" resetval="0x0">
         <bitenum id="ALLONES" value="7" token="Internal. Only to be used through TI provided API." description="Internal. Only to be used through TI provided API."/>
         <bitenum id="ALLZEROS" value="0" token="Internal. Only to be used through TI provided API." description="Internal. Only to be used through TI provided API."/>
      </bitfield>
   </register>
   <register acronym="CH2CMD" width="32" description="Internal. Only to be used through TI provided API." id="CH2CMD" offset="0x8">
      <bitfield range="" begin="31" width="16" end="16" rwaccess="RO" description="Internal. Only to be used through TI provided API." id="RESERVED16" resetval="0x0">
      </bitfield>
      <bitfield range="" begin="15" width="8" end="8" rwaccess="RW" description="Internal. Only to be used through TI provided API." id="PKTHDR" resetval="0x0">
         <bitenum id="ALLONES" value="255" token="Internal. Only to be used through TI provided API." description="Internal. Only to be used through TI provided API."/>
         <bitenum id="ALLZEROS" value="0" token="Internal. Only to be used through TI provided API." description="Internal. Only to be used through TI provided API."/>
      </bitfield>
      <bitfield range="" begin="7" width="5" end="3" rwaccess="RO" description="Internal. Only to be used through TI provided API." id="RESERVED3" resetval="0x0">
      </bitfield>
      <bitfield range="" begin="2" width="3" end="0" rwaccess="RW" description="Internal. Only to be used through TI provided API." id="PARCNT" resetval="0x0">
         <bitenum id="ALLONES" value="7" token="Internal. Only to be used through TI provided API." description="Internal. Only to be used through TI provided API."/>
         <bitenum id="ALLZEROS" value="0" token="Internal. Only to be used through TI provided API." description="Internal. Only to be used through TI provided API."/>
      </bitfield>
   </register>
   <register acronym="CH3CMD" width="32" description="Internal. Only to be used through TI provided API." id="CH3CMD" offset="0xc">
      <bitfield range="" begin="31" width="16" end="16" rwaccess="RO" description="Internal. Only to be used through TI provided API." id="RESERVED16" resetval="0x0">
      </bitfield>
      <bitfield range="" begin="15" width="8" end="8" rwaccess="RW" description="Internal. Only to be used through TI provided API." id="PKTHDR" resetval="0x0">
         <bitenum id="ALLONES" value="255" token="Internal. Only to be used through TI provided API." description="Internal. Only to be used through TI provided API."/>
         <bitenum id="ALLZEROS" value="0" token="Internal. Only to be used through TI provided API." description="Internal. Only to be used through TI provided API."/>
      </bitfield>
      <bitfield range="" begin="7" width="5" end="3" rwaccess="RO" description="Internal. Only to be used through TI provided API." id="RESERVED3" resetval="0x0">
      </bitfield>
      <bitfield range="" begin="2" width="3" end="0" rwaccess="RW" description="Internal. Only to be used through TI provided API." id="PARCNT" resetval="0x0">
         <bitenum id="ALLONES" value="7" token="Internal. Only to be used through TI provided API." description="Internal. Only to be used through TI provided API."/>
         <bitenum id="ALLZEROS" value="0" token="Internal. Only to be used through TI provided API." description="Internal. Only to be used through TI provided API."/>
      </bitfield>
   </register>
   <register acronym="CH1PAR01" width="32" description="Internal. Only to be used through TI provided API." id="CH1PAR01" offset="0x14">
      <bitfield range="" begin="31" width="16" end="16" rwaccess="RW" description="Internal. Only to be used through TI provided API." id="PAR1" resetval="0x0">
         <bitenum id="ALLONES" value="65535" token="Internal. Only to be used through TI provided API." description="Internal. Only to be used through TI provided API."/>
         <bitenum id="ALLZEROS" value="0" token="Internal. Only to be used through TI provided API." description="Internal. Only to be used through TI provided API."/>
      </bitfield>
      <bitfield range="" begin="15" width="16" end="0" rwaccess="RW" description="Internal. Only to be used through TI provided API." id="PAR0" resetval="0x0">
         <bitenum id="ALLONES" value="65535" token="Internal. Only to be used through TI provided API." description="Internal. Only to be used through TI provided API."/>
         <bitenum id="ALLZEROS" value="0" token="Internal. Only to be used through TI provided API." description="Internal. Only to be used through TI provided API."/>
      </bitfield>
   </register>
   <register acronym="CH2PAR01" width="32" description="Internal. Only to be used through TI provided API." id="CH2PAR01" offset="0x18">
      <bitfield range="" begin="31" width="16" end="16" rwaccess="RW" description="Internal. Only to be used through TI provided API." id="PAR1" resetval="0x0">
         <bitenum id="ALLONES" value="65535" token="Internal. Only to be used through TI provided API." description="Internal. Only to be used through TI provided API."/>
         <bitenum id="ALLZEROS" value="0" token="Internal. Only to be used through TI provided API." description="Internal. Only to be used through TI provided API."/>
      </bitfield>
      <bitfield range="" begin="15" width="16" end="0" rwaccess="RW" description="Internal. Only to be used through TI provided API." id="PAR0" resetval="0x0">
         <bitenum id="ALLONES" value="65535" token="Internal. Only to be used through TI provided API." description="Internal. Only to be used through TI provided API."/>
         <bitenum id="ALLZEROS" value="0" token="Internal. Only to be used through TI provided API." description="Internal. Only to be used through TI provided API."/>
      </bitfield>
   </register>
   <register acronym="CH3PAR01" width="32" description="Internal. Only to be used through TI provided API." id="CH3PAR01" offset="0x1c">
      <bitfield range="" begin="31" width="16" end="16" rwaccess="RW" description="Internal. Only to be used through TI provided API." id="PAR1" resetval="0x0">
         <bitenum id="ALLONES" value="65535" token="Internal. Only to be used through TI provided API." description="Internal. Only to be used through TI provided API."/>
         <bitenum id="ALLZEROS" value="0" token="Internal. Only to be used through TI provided API." description="Internal. Only to be used through TI provided API."/>
      </bitfield>
      <bitfield range="" begin="15" width="16" end="0" rwaccess="RW" description="Internal. Only to be used through TI provided API." id="PAR0" resetval="0x0">
         <bitenum id="ALLONES" value="65535" token="Internal. Only to be used through TI provided API." description="Internal. Only to be used through TI provided API."/>
         <bitenum id="ALLZEROS" value="0" token="Internal. Only to be used through TI provided API." description="Internal. Only to be used through TI provided API."/>
      </bitfield>
   </register>
   <register acronym="CH1PAR23" width="32" description="Internal. Only to be used through TI provided API." id="CH1PAR23" offset="0x24">
      <bitfield range="" begin="31" width="16" end="16" rwaccess="RW" description="Internal. Only to be used through TI provided API." id="PAR3" resetval="0x0">
         <bitenum id="ALLONES" value="65535" token="Internal. Only to be used through TI provided API." description="Internal. Only to be used through TI provided API."/>
         <bitenum id="ALLZEROS" value="0" token="Internal. Only to be used through TI provided API." description="Internal. Only to be used through TI provided API."/>
      </bitfield>
      <bitfield range="" begin="15" width="16" end="0" rwaccess="RW" description="Internal. Only to be used through TI provided API." id="PAR2" resetval="0x0">
         <bitenum id="ALLONES" value="65535" token="Internal. Only to be used through TI provided API." description="Internal. Only to be used through TI provided API."/>
         <bitenum id="ALLZEROS" value="0" token="Internal. Only to be used through TI provided API." description="Internal. Only to be used through TI provided API."/>
      </bitfield>
   </register>
   <register acronym="CH2PAR23" width="32" description="Internal. Only to be used through TI provided API." id="CH2PAR23" offset="0x28">
      <bitfield range="" begin="31" width="16" end="16" rwaccess="RW" description="Internal. Only to be used through TI provided API." id="PAR3" resetval="0x0">
         <bitenum id="ALLONES" value="65535" token="Internal. Only to be used through TI provided API." description="Internal. Only to be used through TI provided API."/>
         <bitenum id="ALLZEROS" value="0" token="Internal. Only to be used through TI provided API." description="Internal. Only to be used through TI provided API."/>
      </bitfield>
      <bitfield range="" begin="15" width="16" end="0" rwaccess="RW" description="Internal. Only to be used through TI provided API." id="PAR2" resetval="0x0">
         <bitenum id="ALLONES" value="65535" token="Internal. Only to be used through TI provided API." description="Internal. Only to be used through TI provided API."/>
         <bitenum id="ALLZEROS" value="0" token="Internal. Only to be used through TI provided API." description="Internal. Only to be used through TI provided API."/>
      </bitfield>
   </register>
   <register acronym="CH3PAR23" width="32" description="Internal. Only to be used through TI provided API." id="CH3PAR23" offset="0x2c">
      <bitfield range="" begin="31" width="16" end="16" rwaccess="RW" description="Internal. Only to be used through TI provided API." id="PAR3" resetval="0x0">
         <bitenum id="ALLONES" value="65535" token="Internal. Only to be used through TI provided API." description="Internal. Only to be used through TI provided API."/>
         <bitenum id="ALLZEROS" value="0" token="Internal. Only to be used through TI provided API." description="Internal. Only to be used through TI provided API."/>
      </bitfield>
      <bitfield range="" begin="15" width="16" end="0" rwaccess="RW" description="Internal. Only to be used through TI provided API." id="PAR2" resetval="0x0">
         <bitenum id="ALLONES" value="65535" token="Internal. Only to be used through TI provided API." description="Internal. Only to be used through TI provided API."/>
         <bitenum id="ALLZEROS" value="0" token="Internal. Only to be used through TI provided API." description="Internal. Only to be used through TI provided API."/>
      </bitfield>
   </register>
</module>
