{
  "id": "arm-watchpoint",
  "name": "Hardware Watchpoint",
  "devices": [
    {
      "family": "470",
      "subFamily": "^(1|2|3)$",
	  "comment - subFamily names": "1=ARM7,2=ARM9,3=ARM11",
      "revision": ".*"
    }
  ],
  "instances": [
    {
      "type": 1,
      "defaults": [
        {
          "id": "Hardware Configuration.Type",
          "value": "Watchpoint"
        }
      ],
      "properties": [
        {
          "type": "string",
          "id": "Hardware Configuration.Type.Location",
          "label": "Location",
          "placeHolder": "Enter location to watch",
          "helpText": "The memory location to watch, it can be a memory address or a symbol",
          "isCommon": true
        },
        {
          "type": "select",
          "id": "Hardware Configuration.Type.Memory",
          "label": "Access Type",
          "helpText": "Watch access type",
          "selectOptions": [
            "Read",
            "Write"
          ],
          "defaultValue": "Read",
          "isCommon": true
        }
      ],
      "presentation": {
        "mainPropertyId": "Hardware Configuration.Type.Location",
        "infoPropertyId": "Hardware Configuration.Type.Memory"
      }
    }
  ],
  "capabilities": {
    "menu": true
  }
}
