﻿<?xml version="1.0" encoding="utf-8"?>
<PropertyList xmlns:xsi="http://www.w3.org/2001/XMLSchema-instance">
    <!--Nodes-->
    <node id="FlashProgrammerNode">
        <name>Flash Settings</name>
        <children>
            <child>ProgramLoadSettingsGroup</child>
            <child>FlashPageGroup</child>
            <child>CCFGGroup</child>
            <child>EraseActionGroup</child>
            <child>FlashAlignCombineToggle</child>
            <child>FlashAlignmentSize</child>
            <child>DeviceInfoGroup</child>
            <child>DeviceMacAddressGroup</child>
        </children>
    </node>
    <!--Groups -->
    <group id="ProgramLoadSettingsGroup">
        <name>Program Load Settings</name>
        <children>
            <child>FlashEraseSetting</child>
            <child>ProgramLoadEraseSpecificInfo</child>
            <child>ProgramLoadEraseSpecificText</child>
            <child>CrcVerify</child>
            <child>PerformBlankCheck</child>
        </children>
    </group>
    <group id="CCFGGroup">
        <name>Customer Configuration (CCFG)</name>
        <children>
            <child>KeepCcfgSetting</child>
            <child>DisableBootloader</child>
            <child>DisableBootloaderLoc</child>
            <child>DisableCpuDap</child>
            <child>DisableCpuDapLoc</child>
            <child>WriteProtectionToggle</child>
            <child>WriteProtectionText</child>
            <child>CCFG_PROT_31_0Loc</child>
            <child>CCFG_PROT_63_32Loc</child>
        </children>
    </group>
    <group id="FlashPageGroup">
        <name>Skip Sectors during Program Load</name>
        <children>
            <child>FlashPageToggle</child>
            <child>FlashPageText</child>
            <child>FlashPages</child>
            <child>FlashPagesFilledWith</child>
            <child>FlashPagesFilledWithValue</child>
        </children>
    </group>
    <group id="EraseActionGroup">
        <name>Erase Actions</name>
        <children>
            <child>EraseActionChoice</child>
            <child>ChipEraseButton</child>
            <child>StandaloneEraseSpecificText</child>
            <child>StandaloneEraseSpecificButton</child>
        </children>
    </group>
    <group id="DeviceInfoGroup">
        <name>Device Information</name>
        <children>
            <child>DeviceInfoFlashSize</child>
            <child>DeviceInfoRAMSize</child>
            <child>DeviceInfoRevision</child>
            <child>DeviceInfoRevisionTranslation</child>
            <child>DeviceFlashloaderFile</child>
        </children>
    </group>
    <group id="DeviceMacAddressGroup">
        <name>Device MAC Addresses</name>
        <children>
            <child>DeviceBlePrimaryGroup</child>
            <child>DeviceBleSecondaryGroup</child>
            <child>DeviceIeeePrimaryGroup</child>
            <child>DeviceIeeeSecondaryGroup</child>
        </children>
    </group>
    <group id="DeviceBlePrimaryGroup">
        <name>Primary BLE Address</name>
        <children>
            <child>DeviceBlePrimary</child>
            <child>DeviceBlePrimaryLoc</child>
            <child>DeviceBlePrimaryReadButton</child>
        </children>
    </group>
    <group id="DeviceBleSecondaryGroup">
        <name>Secondary BLE Address</name>
        <children>
            <child>RetainBleSecondaryAddr</child>
            <child>OverrideBleSecondaryAddr</child>
            <child>DeviceBleSecondary</child>
            <child>DeviceBleSecondaryLoc</child>
            <child>DeviceBleSecondaryReadButton</child>
            <child>DeviceBleSecondaryWriteButton</child>
        </children>
    </group>
    <group id="DeviceIeeePrimaryGroup">
        <name>Primary IEEE Address</name>
        <children>
            <child>DeviceIeeePrimary</child>
            <child>DeviceIeeePrimaryLoc</child>
            <child>DeviceIeeePrimaryReadButton</child>
        </children>
    </group>
    <group id="DeviceIeeeSecondaryGroup">
        <name>Secondary IEEE Address</name>
        <children>
            <child>RetainIeeeSecondaryAddr</child>
            <child>OverrideIeeeSecondaryAddr</child>
            <child>DeviceIeeeSecondary</child>
            <child>DeviceIeeeSecondaryLoc</child>
            <child>DeviceIeeeSecondaryReadButton</child>
            <child>DeviceIeeeSecondaryWriteButton</child>
        </children>
    </group>
    <!--Categories -->
    <categories>
        <category>Program Load</category>
        <category>CCFG</category>
        <category>Manual Erase</category>
        <category>Flash Page</category>
        <category>Download</category>
        <category>Primary BLE Address</category>
        <category>Secondary BLE Address</category>
        <category>Primary IEEE Address</category>
        <category>Secondary IEEE Address</category>
        <category read="true">Device Info</category>
    </categories>
    <!--Property Definitions -->
    <property id="DeviceBlePrimary">
        <target>generic</target>
        <name>Primary BLE Address</name>
        <valueType>String</valueType>
        <defaultValue>--</defaultValue>
        <readOnly>1</readOnly>
        <categories>
            <category>Primary BLE Address</category>
        </categories>
    </property>
    <property id="DeviceBlePrimaryLoc">
        <target>generic</target>
        <name>BLE Factory Address Location</name>
        <valueType>String</valueType>
        <!-- <address in hex>:<length in_bytes> -->
        <defaultValue>500012E8:6</defaultValue>
        <readOnly>1</readOnly>
        <hidden />
    </property>
    <property id="DeviceBlePrimaryReadButton">
        <target>generic</target> <!-- ISA name for Cortex-M3/4 -->
        <name>Read</name>
        <valueType>Button</valueType>
        <action>DPActiveDebugSession.flash.performOperation("ReadPriBle")</action>
        <categories>
            <category>Primary BLE Address</category>
        </categories>
    </property>   
    <property id="RetainBleSecondaryAddr">
        <target>generic</target>
        <name>Retain BLE MAC address during program download</name>
        <valueType>Boolean</valueType>
        <defaultValue>0</defaultValue>
        <disableIf>
            <property id="OverrideBleSecondaryAddr">1</property>
        </disableIf>
        <categories>
            <category>Secondary BLE Address</category>
        </categories>
    </property>
    <property id="OverrideBleSecondaryAddr">
        <target>generic</target>
        <name>Override BLE MAC address during program download</name>
        <valueType>Boolean</valueType>
        <defaultValue>0</defaultValue>
        <disableIf>
            <property id="RetainBleSecondaryAddr">1</property>
        </disableIf>
        <categories>
            <category>Secondary BLE Address</category>
        </categories>
    </property>
    <property id="DeviceBleSecondary">
        <target>generic</target>
        <name>Secondary BLE Address</name>
        <valueType>String</valueType>
        <defaultValue>--</defaultValue>
        <disableIf>
            <property id="RetainBleSecondaryAddr">1</property>
        </disableIf>
        <categories>
            <category>Secondary BLE Address</category>
        </categories>
    </property>
    <property id="DeviceBleSecondaryLoc">
        <target>generic</target>
        <name>Secondary BLE Address Location</name>
        <valueType>String</valueType>
        <!-- <address in hex>:<length in_bytes> -->
        <defaultValue>1FFD0:6</defaultValue>
        <readOnly>1</readOnly>
        <hidden />
    </property>
    <property id="DeviceBleSecondaryReadButton">
        <target>generic</target> <!-- ISA name for Cortex-M3/4 -->
        <name>Read</name>
        <valueType>Button</valueType>
        <action>DPActiveDebugSession.flash.performOperation("ReadSecBle")</action>
        <categories>
            <category>Secondary BLE Address</category>
        </categories>
    </property>
    <property id="DeviceBleSecondaryWriteButton">
        <target>generic</target>
        <name>Write</name>
        <valueType>Button</valueType>
        <action>DPActiveDebugSession.flash.performOperation("WriteSecBle")</action>
        <categories>
            <category>Secondary BLE Address</category>
        </categories>
    </property>
    <property id="DeviceIeeePrimary">
        <target>generic</target>
        <name>Primary IEEE Address</name>
        <valueType>String</valueType>
        <defaultValue>--</defaultValue>
        <readOnly>1</readOnly>
        <categories>
            <category>Primary IEEE Address</category>
        </categories>
    </property>
    <property id="DeviceIeeePrimaryLoc">
        <target>generic</target>
        <name>IEEE Factory Address Location</name>
        <valueType>String</valueType>
        <!-- <address in hex>:<length in_bytes> -->
        <defaultValue>500012F0:8</defaultValue>
        <readOnly>1</readOnly>
        <hidden />
    </property>
    <property id="DeviceIeeePrimaryReadButton">
        <target>generic</target> <!-- ISA name for Cortex-M3/4 -->
        <name>Read</name>
        <valueType>Button</valueType>
        <action>DPActiveDebugSession.flash.performOperation("ReadPriIeee")</action>
        <categories>
            <category>Primary IEEE Address</category>
        </categories>
    </property>
    <property id="RetainIeeeSecondaryAddr">
        <target>generic</target>
        <name>Retain IEEE MAC address during program download</name>
        <valueType>Boolean</valueType>
        <defaultValue>0</defaultValue>
        <disableIf>
            <property id="OverrideIeeeSecondaryAddr">1</property>
        </disableIf>
        <categories>
            <category>Secondary IEEE Address</category>
        </categories>
    </property>
    <property id="OverrideIeeeSecondaryAddr">
        <target>generic</target>
        <name>Override IEEE MAC address during program download</name>
        <valueType>Boolean</valueType>
        <defaultValue>0</defaultValue>
        <disableIf>
            <property id="RetainIeeeSecondaryAddr">1</property>
        </disableIf>
        <categories>
            <category>Secondary IEEE Address</category>
        </categories>
    </property>
    <property id="DeviceIeeeSecondary">
        <target>generic</target>
        <name>Secondary IEEE Address</name>
        <valueType>String</valueType>
        <defaultValue>--</defaultValue>
        <disableIf>
            <property id="RetainIeeeSecondaryAddr">1</property>
        </disableIf>
        <categories>
            <category>Secondary IEEE Address</category>
        </categories>
    </property>
    <property id="DeviceIeeeSecondaryLoc">
        <target>generic</target>
        <name>Secondary IEEE Address Location</name>
        <valueType>String</valueType>
        <!-- <address in hex>:<length in_bytes> -->
        <defaultValue>1FFC8:8</defaultValue>
        <readOnly>1</readOnly>
        <hidden />
    </property>
    <property id="DeviceIeeeSecondaryReadButton">
        <target>generic</target> <!-- ISA name for Cortex-M3/4 -->
        <name>Read</name>
        <valueType>Button</valueType>
        <action>DPActiveDebugSession.flash.performOperation("ReadSecIeee")</action>
        <categories>
            <category>Secondary IEEE Address</category>
        </categories>
    </property>
    <property id="DeviceIeeeSecondaryWriteButton">
        <target>generic</target>
        <name>Write</name>
        <valueType>Button</valueType>
        <action>DPActiveDebugSession.flash.performOperation("WriteSecIeee")</action>
        <categories>
            <category>Secondary IEEE Address</category>
        </categories>
    </property>
    <property id="FlashEraseSetting">
        <target>generic</target>
        <name>Erase Settings during Program Load</name>
        <valueType>ChoiceList</valueType>
        <values>
            <value>All Unprotected Sectors</value>
            <value>Necessary Sectors Only</value>
            <value>Necessary Sectors Only (Retain untouched content within sector)</value>
            <value>Specific Sectors</value>
            <value>Do not erase sectors (program load only)</value>
        </values>
        <defaultValue>Necessary Sectors Only (Retain untouched content within sector)</defaultValue>
        <categories>
            <category>Program Load</category>
        </categories>
    </property>
    <property id="ProgramLoadEraseSpecificInfo">
        <target>generic</target>
        <name>Note: This option affects erase, program and verification.
The specified sectors are erased but nothing else. The sectors can be given as a range and/or single sectors.
Example: "0-5,8" will erase sectors 0, 1, 2, 3, 4, 5, 8.
        </name>
        <valueType>Text</valueType>
        <enableIf>
            <property id="FlashEraseSetting">Specific Sectors</property>
        </enableIf>
        <categories>
            <category>Program Load</category>
        </categories>
    </property>
    <property id="ProgramLoadEraseSpecificText">
        <target>generic</target>
        <name>Sector(s): </name>
        <valueType>String</valueType>
        <defaultValue></defaultValue>
        <enableIf>
            <property id="FlashEraseSetting">Specific Sectors</property>
        </enableIf>
        <categories>
            <category>Program Load</category>
        </categories>
    </property>
    <property id="CrcVerify">
        <target>generic</target>
        <name>Use CRC Verification during Program Load.</name>
        <valueType>Boolean</valueType>
        <defaultValue>1</defaultValue>
        <categories>
            <category>Program Load</category>
        </categories>
    </property>
    <property id="PerformBlankCheck">
        <target>generic</target>
        <name>Perform Blank Check</name>
        <valueType>Button</valueType>
        <action>DPActiveDebugSession.flash.performOperation("BlankCheck")</action>
        <categories>
            <category>Program Load</category>
        </categories>
    </property>
    <property id="KeepCcfgSetting">
        <target>generic</target>
        <name>Keep CCFG data. The upper N bytes of device CCFG are kept. N is given by CCFG.CCFG_O_SIZE_AND_DIS_FLAGS[31:16] in CCFG. If value is invalid, this option is ignored.</name>
        <valueType>Boolean</valueType>
        <defaultValue>0</defaultValue>
        <categories>
            <category>CCFG</category>
        </categories>
    </property>
    <property id="DisableBootloader">
        <target>generic</target>
        <name>Disable Bootloader</name>
        <valueType>Boolean</valueType>
        <defaultValue>0</defaultValue>
        <categories>
            <category>CCFG</category>
        </categories>
    </property>
    <property id="DisableBootloaderLoc">
        <target>generic</target>
        <name>BOOTLOADER_ENABLE field in CCFG</name>
        <valueType>String</valueType>
        <!-- <address in hex>:<length in_bytes> -->
        <defaultValue>1FFDB:1</defaultValue>
        <readOnly>1</readOnly>
        <hidden />
    </property>
    <property id="DisableCpuDap">
        <target>generic</target>
        <name>Lock debug interface</name>
        <valueType>Boolean</valueType>
        <defaultValue>0</defaultValue>
        <categories>
            <category>CCFG</category>
        </categories>
    </property>
    <property id="DisableCpuDapLoc">
        <target>generic</target>
        <name>CPU_DAP_ENABLE field in CCFG</name>
        <valueType>String</valueType>
        <!-- <address in hex>:<length in_bytes> -->
        <defaultValue>1FFE6:1</defaultValue>
        <readOnly>1</readOnly>
        <hidden />
    </property>
    <property id="WriteProtectionToggle">
        <target>generic</target>
        <name>Write-protect sectors</name>
        <valueType>Boolean</valueType>
        <defaultValue>0</defaultValue>
        <categories>
            <category>CCFG</category>
        </categories>
    </property>
    <property id="WriteProtectionText">
        <target>generic</target>
        <name>Sector(s): </name>
        <valueType>String</valueType>
        <defaultValue></defaultValue>
        <enableIf>
            <property id="WriteProtectionToggle">1</property>
        </enableIf>
        <categories>
            <category>CCFG</category>
        </categories>
    </property>
    <property id="CCFG_PROT_31_0Loc">
        <target>generic</target>
        <name>First Flash Protection Register</name>
        <valueType>String</valueType>
        <!-- <address in hex>:<length in_bytes> -->
        <defaultValue>1FFF0:4</defaultValue>
        <readOnly>1</readOnly>
        <hidden />
    </property>
    <property id="CCFG_PROT_63_32Loc">
        <target>generic</target>
        <name>Second Flash Protection Register</name>
        <valueType>String</valueType>
        <!-- <address in hex>:<length in_bytes> -->
        <defaultValue>1FFF4:4</defaultValue>
        <readOnly>1</readOnly>
        <hidden />
    </property>
    <property id="FlashPageText">
        <target>generic</target>
        <name>Note: This option affects erase, program and verification.
The specified sectors are not programmed. The sectors can be given as a range and/or single sectors.
Example: "0-5,8" Skip erase/program/verify of sectors 0, 1, 2, 3, 4, 5, 8.
        </name>
        <valueType>Text</valueType>
        <categories>
            <category>Flash Page</category>
        </categories>
    </property>
    <property id="FlashPageToggle">
        <target>generic</target>
        <name>Skip specified sectors during program load</name>
        <valueType>Boolean</valueType>
        <defaultValue>0</defaultValue>
        <disableIf>
            <property id="FlashPagesFilledWith">1</property>
        </disableIf>
        <categories>
            <category>Flash Page</category>
        </categories>
    </property>
    <property id="FlashPages">
        <target>generic</target>
        <name>Sector(s): </name>
        <valueType>String</valueType>
        <defaultValue>0-5,8</defaultValue>
        <enableIf>
            <property id="FlashPageToggle">1</property>
        </enableIf>
        <categories>
            <category>Flash Page</category>
        </categories>
    </property>
    <property id="FlashPagesFilledWith">
        <target>generic</target>
        <name>Skip sectors filled with specified value</name>
        <valueType>Boolean</valueType>
        <defaultValue>0</defaultValue>
        <disableIf>
            <property id="FlashPageToggle">1</property>
        </disableIf>
        <categories>
            <category>Flash Page</category>
        </categories>
    </property>
    <property id="FlashPagesFilledWithValue">
        <target>generic</target>
        <name>Exlude sectors in image filled with:</name>
        <valueType>String</valueType>
        <defaultValue>0x</defaultValue>
        <enableIf>
            <property id="FlashPagesFilledWith">1</property>
        </enableIf>
        <categories>
            <category>Flash Page</category>
        </categories>
    </property>
    <property id="EraseActionChoice">
        <target>generic</target>
        <name>Erase settings during standalone erase</name>
        <valueType>ChoiceList</valueType>
        <values>
            <value>Erase entire flash (You must reconnect to the target afterwards)</value>
            <value>Erase specific flash sectors</value>
        </values>
        <defaultValue>Erase entire flash (You must reconnect to the target afterwards)</defaultValue>
        <categories>
            <category>Manual Erase</category>
        </categories>
    </property>
    <property id="ChipEraseButton">
        <target>generic</target> <!-- ISA name for Cortex-M3/4 -->
        <name>Erase Entire Flash</name>
        <valueType>Button</valueType>
        <disableIf>
            <property id="KeepCcfgSetting">1</property>
            <property id="EraseActionChoice">Erase specific flash sectors</property>
        </disableIf>
        <action>DPActiveDebugSession.expression.evaluate("MassErase()")</action>
        <categories>
            <category>Manual Erase</category>
        </categories>
    </property>
    <property id="StandaloneEraseSpecificText">
        <target>generic</target>
        <name>Sector(s): </name>
        <valueType>String</valueType>
        <defaultValue>0-5,8</defaultValue>
        <enableIf>
            <property id="EraseActionChoice">Erase specific flash sectors</property>
        </enableIf>
        <categories>
            <category>Manual Erase</category>
        </categories>
    </property>
    <property id="StandaloneEraseSpecificButton">
        <target>generic</target> <!-- ISA name for Cortex-M3/4 -->
        <name>Erase Specific Segments</name>
        <valueType>Button</valueType>
        <enableIf>
            <property id="EraseActionChoice">Erase specific flash sectors</property>
        </enableIf>
        <action>DPActiveDebugSession.flash.performOperation("EraseSectors")</action>
        <categories>
            <category>Manual Erase</category>
        </categories>
    </property>
    <property id="FlashAlignCombineToggle">
        <target>generic</target>
        <name>Align program sectors to 64-bit memory regions (for ECC calculation)</name>
        <valueType>Boolean</valueType>
        <defaultValue>1</defaultValue>
        <hidden />
    </property>
    <property id="FlashAlignmentSize">
        <!-- When set, this option combines all sections that is within the given range,
             resulting in bigger programming chunks and improved speed. Holes are
             programmed with FF data -->
        <target>generic</target>
        <name>Alignment Size: 0x</name>
        <valueType>String</valueType>
        <defaultValue>8</defaultValue> <!-- HEX value -->
        <hidden />
    </property>
    <property id="DeviceInfoFlashSize">
        <target>generic</target>
        <name>Flash Size</name>
        <valueType>String</valueType>
        <defaultValue>--</defaultValue>
        <readOnly>1</readOnly>
        <categories>
            <category>Device Info</category>
        </categories>
    </property>
    <property id="DeviceInfoRAMSize">
        <target>generic</target>
        <name>RAM Size</name>
        <valueType>String</valueType>
        <defaultValue>--</defaultValue>
        <readOnly>1</readOnly>
        <categories>
            <category>Device Info</category>
        </categories>
    </property>
    <property id="DeviceInfoRevision">
        <target>generic</target>
        <name>Revision</name>
        <valueType>String</valueType>
        <defaultValue>--</defaultValue>
        <readOnly>1</readOnly>
        <categories>
            <category>Device Info</category>
        </categories>
    </property>
    <property id="DeviceInfoRevisionTranslation">
        <target>generic</target>
        <name>Revision Translation</name>
        <valueType>String</valueType>
        <!-- 
        10 => Chameleon R1 rev 2.4
        11 => Chameleon R2 rev 1.0  (aka. Chameleon rev 2.5)
        -->
        <defaultValue>1:1.0:-:15:1.0:-:3:2.0:A:7:2.1:B:8:2.2:C:9:2.3:D:11:2.5:F:10:2.4:E</defaultValue>
        <readOnly>1</readOnly>
        <hidden />
    </property>
    <property id="DeviceFlashloaderFile">
        <target>generic</target>
        <name>Flashloader File</name>
        <valueType>String</valueType>
        <defaultValue>FlashLoaderCC26x0.out</defaultValue>
        <readOnly>1</readOnly>
        <hidden />
    </property>
    <!-- MemoryRangeX used by Uniflash memory view -->
    <property id="MemoryRange0">
        <target>generic</target>
        <name>CCFG</name>
        <valueType>String</valueType>
        <defaultValue>0x50003000-0x50003FFF</defaultValue>
        <readOnly>1</readOnly>
        <hidden />
    </property>
    <property id="MemoryRange1">
        <target>generic</target>
        <name>FCFG1</name>
        <valueType>String</valueType>
        <defaultValue>0x50001000-0x500013FF</defaultValue>
        <readOnly>1</readOnly>
        <hidden />
    </property>
    <!-- fin -->
</PropertyList>