{
  "id": "c2x-watchpoint",
  "name": "Hardware Watchpoint",
  "devices": [
    {
      "family": "320",
      "subFamily": "^(40|41)$",
  	  "comment - subFamily names": "40=C28,41=C29",
      "revision": ".*"
    }
  ],
  "instances": [
    {
      "type": 1,
      "defaults": [
        {
          "id": "Hardware Configuration.Type",
          "value": "Watchpoint"
        }
      ],
      "properties": [
        {
          "type": "string",
          "id": "Hardware Configuration.Type.Trigger Type.Location",
          "label": "Location",
          "placeHolder": "Enter location to watch",
          "helpText": "The memory location to watch, it can be a memory address or a symbol",
          "isCommon": true
        },
        {
          "type": "select",
          "id": "Hardware Configuration.Type.Trigger Type.Memory",
          "label": "Access Type",
          "helpText": "Watch access type",
          "selectOptions": [
            "Read",
            "Write",
            "Any"
          ],
          "defaultValue": "Read",
          "isCommon": true
        }
      ],
      "presentation": {
        "mainPropertyId": "Hardware Configuration.Type.Trigger Type.Location",
        "infoPropertyId": "Hardware Configuration.Type.Trigger Type.Memory"
      }
    }
  ],
  "capabilities": {
    "menu": true
  }
}
