{
  "id": "msp430-simplewatchpoint",
  "name": "Hardware Watchpoint",
  "devices": [
    {
      "family": "430",
      "subFamily": ".*",
      "revision": ".*"
    }
  ],
  "instances": [
    {
      "type": 1,
      "defaults": [
        {
          "id": "Hardware Configuration.Type",
          "value": "Watchpoint"
        }
      ],
      "properties": [
        {
          "type": "string",
          "id": "Hardware Configuration.Type.Trigger 0.Location",
          "label": "Location",
          "placeHolder": "Enter location to watch",
          "helpText": "The memory location to watch, it can be a memory address or a symbol",
          "isCommon": true
        }
      ],
      "presentation": {
        "mainPropertyId": "Hardware Configuration.Type.Trigger 0.Location"
      }
    }
  ],
  "capabilities": {
    "menu": true
  }
}
