<?xml version="1.0"?>
<drivers id="Cortex_M0">
    <isa Type="Cortex_M0" ProcID="0x75802800">
        <driver file="../../../emulation/drivers/libtixds510cortexm0.so">
            <connectionType Type="TIXDS510"/>
            <connectionType Type="TIXDS110"/>
            <property id="Use Board Reset" Type="hiddenfield" Value="0" />
            <property id="Use Board Reset Free Run" Type="hiddenfield" Value="0" />
            <property Name="Access Port Designator" Type="numericfield" Value="0x02000000" NumericType="HEX" UpperBound="0xFFFFFFFF" LowerBound="0" ID="device.identify"/>
            <property Name="TraceDeviceId" Type="numericfield" Value="0x0" NumericType="HEX" UpperBound="0xFFFFFFFF" LowerBound="0" ID="device.traceId"/>
            <property Type="hiddenfield" Value="true" id="supportsNonIntrusiveConnect" />
            <property Type="hiddenfield" Value="true" id="haltOnConnectByDefault"  />
        </driver>
    </isa>
    <isa Type="Cortex_M0P" ProcID="0x75802800">
        <driver file="../../../emulation/drivers/libtixds510cortexm0.so">
            <connectionType Type="TIXDS510"/>
            <connectionType Type="TIXDS110"/>
            <property id="Use Board Reset" Type="hiddenfield" Value="0" />
            <property id="Use Board Reset Free Run" Type="hiddenfield" Value="0" />
            <property Name="Access Port Designator" Type="numericfield" Value="0x02000000" NumericType="HEX" UpperBound="0xFFFFFFFF" LowerBound="0" ID="device.identify"/>
            <property Name="TraceDeviceId" Type="numericfield" Value="0x0" NumericType="HEX" UpperBound="0xFFFFFFFF" LowerBound="0" ID="device.traceId"/>
            <property Type="hiddenfield" Value="true" id="supportsNonIntrusiveConnect" />
            <property Type="hiddenfield" Value="true" id="haltOnConnectByDefault"  />
            <property Type="hiddenfield" Value="0" id="Auto Release WIR on Connect" />
        </driver>
    </isa>
</drivers>
